student_id,name,cgpa,attendance,program
1,Gary Jacobs,3.28,61.0,DS
2,Lori Dixon,2.49,65.6,CS
3,Erin Burns,3.35,95.7,CS
4,Kara Ortega,3.18,61.3,CS
5,Brian Young,2.44,80.2,CS
6,Frank Butler,3.12,88.6,SE
7,Kathryn Madden,2.44,83.6,CS
8,Mark Taylor,3.52,66.4,SE
9,Veronica Johnston,2.68,66.2,DS
10,Scott Davis,2.2,75.2,DS
11,Katie Lopez,3.69,84.1,CS
12,Jeremy Martin,3.46,81.4,SE
13,Angela Roberson,2.16,71.7,DS
14,Craig Esparza,3.15,88.2,CS
15,Sharon Caldwell,3.32,90.9,CS
16,Christopher Anderson,3.71,94.7,SE
17,Michael Perez,2.56,85.4,DS
18,Mary Morrison,2.33,74.2,DS
19,Linda Pratt,3.4,87.3,CS
20,James Weeks,3.22,66.8,AI
21,Lauren Jones,2.33,75.2,AI
22,Kimberly Bennett,3.37,93.7,CS
23,Lance Moore,2.46,61.3,DS
24,Kenneth Anderson,2.8,62.6,DS
25,Zachary Phillips,2.43,80.0,SE
26,Evelyn Keller,2.29,65.6,DS
27,Tracie Diaz,3.49,77.1,SE
28,Shelley Johnson,2.72,99.9,AI
29,Timothy Gilbert,3.02,63.6,CS
30,Michael Hall,3.72,66.1,AI
31,Claire Roberson,3.58,76.9,CS
32,Donna Wagner,2.77,83.8,SE
33,Nathaniel Huerta,3.06,98.8,CS
34,Destiny Mcconnell,3.36,64.6,DS
35,Ashley Pugh,3.54,73.6,DS
36,Aaron Hernandez,2.87,78.1,DS
37,Ian Phillips,3.94,90.5,CS
38,Lisa Chapman,3.74,71.9,AI
39,Mr. Taylor Cook,2.31,90.5,CS
40,Victor Williams,3.2,79.5,CS
41,Douglas Sanchez,3.86,95.1,DS
42,Ryan Russell,2.48,69.6,CS
43,Stephanie Liu,2.17,79.4,CS
44,Jordan Brady,3.96,81.3,AI
45,Ruth Franklin,2.26,79.0,AI
46,Annette Nelson,2.53,94.9,SE
47,Amanda Vaughn,3.93,97.2,AI
48,Anne Perry,3.43,76.0,DS
49,Toni Woods,2.88,80.7,CS
50,Cassandra Turner,2.5,62.6,CS
51,Tyler Cooper,3.18,69.2,AI
52,Kerri Hamilton,2.01,88.3,CS
53,Melissa Ramirez,2.46,96.2,DS
54,Thomas Vaughn,2.14,69.5,SE
55,Joann Wilson,2.43,65.3,SE
56,Daniel Hudson,2.49,78.9,SE
57,Mrs. Melissa Deleon,2.38,63.9,SE
58,Connie Howe,2.71,76.4,CS
59,Jeremy Burton,3.35,99.4,CS
60,Curtis Martinez,2.12,89.1,CS
61,Christina Rojas,2.5,67.6,SE
62,Tina Morris,2.28,67.3,SE
63,Paul Howard,2.5,96.9,SE
64,Lisa Jordan,3.62,94.2,CS
65,Joseph Williams,2.1,100.0,CS
66,Kelly Hernandez,3.94,97.1,AI
67,Arthur Payne,2.33,79.4,AI
68,Steven Montoya,3.73,96.1,AI
69,Victoria Hines,2.76,99.4,DS
70,April Jenkins,3.85,91.4,DS
71,Daniel Diaz,2.85,98.3,SE
72,Gregory Mitchell,2.31,71.9,CS
73,Thomas Gray,3.16,81.7,DS
74,Daniel Salazar,2.11,83.4,AI
75,Kimberly Hicks,2.11,80.3,AI
76,Zachary Snow,2.14,62.7,AI
77,Christopher Tucker,2.81,97.7,AI
78,Jody Ramos,3.16,61.6,CS
79,Dakota Long,2.84,83.3,DS
80,Lisa Pearson,3.87,68.2,DS
81,Angela Oneal,2.48,75.8,DS
82,Tyler Lopez,2.91,97.2,CS
83,Robert Morris,2.02,84.8,CS
84,Angela Miller,2.15,68.5,DS
85,Keith Dominguez,2.26,74.0,CS
86,Matthew Barrera,3.76,74.8,AI
87,Justin Henry,2.88,81.7,DS
88,Christina Bishop,3.22,99.5,CS
89,Thomas Mata,3.34,82.2,CS
90,Kenneth Branch,3.88,65.4,CS
91,Michael Stephenson,3.78,89.7,AI
92,Michael Arnold,2.54,84.2,DS
93,Justin Collier,2.41,85.4,DS
94,Rhonda Lopez,3.01,70.0,CS
95,Alexander Williams,2.18,76.9,DS
96,Wanda Miles,2.09,73.3,AI
97,Lisa Lopez,3.27,70.5,SE
98,Karen Taylor,3.1,77.1,CS
99,Alexander Hall,2.22,97.8,AI
100,Rhonda Nguyen,3.09,93.4,AI
101,Annette Miller,2.86,61.7,DS
102,Tracy Chaney,3.8,91.8,CS
103,Jennifer Miller,3.8,68.4,AI
104,Sharon Paul,3.33,74.1,SE
105,Jose Green,3.95,90.0,AI
106,Bradley Hill,3.73,99.0,AI
107,Michael Nelson,3.76,61.0,DS
108,Melissa Garcia,3.56,76.5,AI
109,Troy Solomon,2.53,91.5,CS
110,Christopher Ayers,2.77,61.5,SE
111,Justin Jones,2.44,92.7,SE
112,Stephen Ray,2.7,92.8,AI
113,Lori Anderson,2.45,86.4,SE
114,David Taylor,2.66,94.6,DS
115,David Myers,2.7,80.4,DS
116,Barry Ali,3.88,64.6,DS
117,Rebecca Sharp,2.36,98.5,DS
118,Julia Todd,2.08,83.9,DS
119,Bruce Carney,3.46,72.5,CS
120,Eric Lane,2.77,83.1,DS
121,Betty Stevenson,2.09,77.4,AI
122,Collin Rodriguez MD,2.73,62.8,DS
123,Christina Joseph,3.25,86.5,CS
124,Melinda Kaiser,3.44,72.0,DS
125,Pamela Lee,3.33,73.0,DS
126,Andrea Conrad,3.11,67.7,SE
127,Alan Smith,3.35,96.1,DS
128,Shannon Lee,2.81,93.3,DS
129,Jennifer Sherman DVM,2.57,77.2,DS
130,Gerald Bowen,2.93,77.7,AI
131,Steven Woods,3.02,91.7,AI
132,John Barnes,3.32,71.4,DS
133,Mark Dunn,2.19,98.1,AI
134,Cory Woods,3.35,69.0,AI
135,Luis Rodriguez,2.29,61.8,SE
136,Kenneth Villarreal,3.22,90.7,SE
137,Mrs. Karen Walters,2.83,85.2,AI
138,Kristin Allen,3.44,75.4,SE
139,Adam Soto,2.49,86.2,CS
140,William Carpenter,3.79,94.4,CS
141,Andrew Munoz,3.56,68.8,SE
142,Kenneth Mason,2.1,70.0,CS
143,Jeffrey Vargas,2.91,92.1,DS
144,Jennifer Myers,3.9,95.7,SE
145,Michael Martin,3.66,81.9,AI
146,William Turner,3.49,79.0,DS
147,George Greene,3.5,93.6,DS
148,Amanda Nelson,3.53,80.9,AI
149,Charles Jimenez,2.55,63.1,DS
150,Tamara Rivers,2.47,73.4,CS
151,Jason Arias,2.28,69.3,AI
152,Patricia Sandoval,3.41,62.6,SE
153,Alexandra Henderson,2.66,78.6,CS
154,Jessica Reid,2.41,76.8,CS
155,James Black,3.71,90.6,SE
156,Robert Moon,2.95,97.7,DS
157,Daniel Rice,3.51,94.1,SE
158,Michael Palmer,3.08,89.4,AI
159,Derek Lopez,2.98,70.9,SE
160,Karen Chang,2.06,73.4,SE
161,Gloria Smith,3.45,93.6,AI
162,Crystal Salazar,3.96,81.4,SE
163,Michael Mcmahon,3.18,86.5,CS
164,Deborah Stone,3.29,65.4,SE
165,Margaret Flores,2.36,70.4,DS
166,Ruth Hill,2.42,73.1,SE
167,Charles Sullivan,2.56,98.0,SE
168,Cody Reeves,2.5,63.3,CS
169,Dustin Watson,3.5,62.1,DS
170,Taylor Rodriguez,2.45,62.7,CS
171,James Miranda,3.51,98.0,AI
172,Katherine Jones,3.68,84.9,AI
173,Craig Malone,2.25,86.8,AI
174,Patrick Fletcher,2.93,70.2,DS
175,Mackenzie Harvey,2.34,84.3,CS
176,Amy Hernandez,3.56,66.6,DS
177,Melissa Whitney,2.22,61.0,DS
178,Matthew Jacobs,3.15,96.3,SE
179,Terry Flynn,2.79,88.6,CS
180,Michael Fox,3.18,93.2,AI
181,Joseph Diaz,2.2,90.9,CS
182,Dalton Lopez,3.59,82.6,CS
183,Carolyn Stokes,2.69,77.1,DS
184,Jeffrey Hanna,2.14,85.9,CS
185,Natasha Rodriguez,3.7,92.9,CS
186,Melissa Powers,2.87,74.5,SE
187,George Hughes,3.41,77.4,DS
188,Heather Allen,3.23,96.8,SE
189,Kathleen Clark,2.93,93.0,DS
190,Jeremy Dixon,2.64,69.8,CS
191,Matthew Duncan DDS,2.56,78.0,SE
192,John Black,3.14,86.7,DS
193,Paul White,2.06,94.0,AI
194,Christian Young,2.98,74.2,DS
195,Sandra Chang,2.68,95.2,DS
196,Kristen Nelson MD,3.11,80.7,AI
197,Jeremy Watkins,2.17,88.8,SE
198,Nicole Williams,3.11,69.6,SE
199,Stacy Townsend,3.29,79.6,CS
200,Cynthia Heath,2.19,68.9,AI
201,Paige Gibson,2.61,83.3,SE
202,Rebecca Nichols,3.11,73.8,DS
203,Jose Heath,2.7,78.1,DS
204,Sara Griffin,2.5,64.8,AI
205,Brent Brown,2.63,89.7,AI
206,James Henderson,2.38,89.5,DS
207,Laura Morris,3.45,99.1,DS
208,Steven Evans,3.96,93.3,DS
209,Sonya Monroe,2.45,67.2,CS
210,Vanessa Lawson,3.42,65.1,CS
211,Amanda Johnson,3.95,82.1,AI
212,Connie Johnson,3.28,90.1,CS
213,Aaron Wilson,3.75,83.0,SE
214,Jon Archer,2.96,73.6,CS
215,Laura Perez,2.5,94.5,CS
216,Jeffrey Smith,3.64,76.0,CS
217,Heather Colon,3.15,87.5,AI
218,Joel Mendoza,2.3,82.5,DS
219,Eric Wilson,2.17,69.9,SE
220,Eric Wells,3.21,91.6,AI
221,Joseph Ibarra,3.55,75.2,SE
222,Daniel Jones,2.59,83.5,SE
223,Melinda Stephens,2.61,84.8,CS
224,Amber Eaton,3.9,68.3,AI
225,Kristen Hodges,2.53,63.2,AI
226,Leslie Maxwell,2.35,63.0,CS
227,Andrew Merritt,2.82,87.6,SE
228,Gloria Mclaughlin,2.58,69.3,DS
229,Kelly Wilkins,3.41,78.2,AI
230,Kimberly Sharp,3.85,91.5,AI
231,Heather Bryant,2.85,81.8,AI
232,Krista Greene,3.82,93.1,CS
233,Javier Brown,2.12,91.7,DS
234,Michelle Harper,2.88,78.7,DS
235,Michael Watson,3.4,97.7,SE
236,Brian Ford,2.88,83.9,SE
237,Brittney Hayes,3.47,84.1,CS
238,John Jensen,2.18,98.5,CS
239,Ashley Rivera,4.0,86.9,DS
240,Stephanie Wilson,3.15,90.5,AI
241,Mr. John Jordan,2.94,86.1,DS
242,Angela Frazier,2.36,83.4,SE
243,Cassidy Coleman,3.94,78.8,SE
244,Ashley Morris,2.67,86.8,AI
245,Jordan Reed,2.66,87.7,DS
246,Jennifer Shaffer,3.33,76.0,CS
247,George Miranda,2.91,72.6,DS
248,Rebecca Jones,2.23,90.9,CS
249,Janice Howard,3.32,81.7,SE
250,Allison Jackson,2.11,80.7,SE
251,Gabriel Johnson,3.25,90.4,AI
252,Michael Ramirez,2.53,65.2,DS
253,Travis Small,2.88,87.9,CS
254,James Turner,2.06,85.2,AI
255,Erin Chan,3.42,72.4,CS
256,David Watson,3.1,63.7,CS
257,Joel Miller,2.92,64.7,AI
258,Brandon Peterson,3.0,88.7,DS
259,Samantha Rios,2.83,79.3,SE
260,Deborah Villarreal,2.49,82.1,SE
261,Deborah Morales,2.38,84.0,AI
262,Miranda Brown,3.73,71.0,SE
263,Alan Parks,2.68,91.5,DS
264,Vincent Andrade,3.64,71.3,DS
265,Christopher Glass,3.67,83.2,SE
266,Kaylee Leonard,3.73,77.9,SE
267,Deborah Shannon,2.69,82.1,SE
268,Scott Case,2.91,72.9,AI
269,Jesus Perkins,3.96,69.6,SE
270,Amy Bailey,2.47,91.0,CS
271,Monica Russell,2.64,78.9,SE
272,Adrian Butler,2.77,86.5,AI
273,John Rogers,2.99,61.5,DS
274,John Anderson,3.74,95.0,SE
275,Marc Foster,2.2,96.4,CS
276,Anthony Jones,3.44,76.4,AI
277,Anthony Sullivan,2.15,91.3,DS
278,Anthony Guerra,2.68,87.7,CS
279,Kathy Carpenter,3.7,94.1,SE
280,Julia Bray,3.91,85.1,SE
281,Harold Stokes,3.74,61.4,CS
282,Kevin Clark,2.47,87.4,DS
283,Sydney Smith,3.99,89.9,SE
284,Brenda Morris,3.96,90.4,CS
285,Samantha Williams,2.89,87.8,CS
286,Michael Hayes,2.09,91.8,DS
287,Christopher Johnson,2.72,77.2,AI
288,Daniel Rogers,3.06,82.6,AI
289,Ashley Ramirez,2.34,63.2,SE
290,Nicole Hurst,3.24,69.6,AI
291,Diana Reid MD,2.46,85.5,SE
292,Morgan Matthews,2.51,60.4,SE
293,Tina Parker,3.8,87.1,AI
294,Brad Howard,2.15,97.8,DS
295,James Everett,3.28,77.0,DS
296,Kimberly Mitchell,2.91,72.1,SE
297,Ricky Bell,3.71,64.3,SE
298,Valerie Stewart,3.14,83.0,DS
299,Christopher Hart,2.04,93.2,SE
300,Kelly Ramirez,2.55,82.6,CS
301,Michelle Wiley,3.82,89.8,DS
302,Cynthia Werner,3.55,69.2,DS
303,Justin Wood,2.44,67.6,DS
304,Angela Page,3.36,88.8,AI
305,Rachel Williams,3.26,96.1,CS
306,Lydia Oneill,2.62,77.6,DS
307,Bailey Gomez,3.46,63.6,DS
308,Patricia Collier,2.65,76.6,AI
309,Jacob James,2.26,81.6,DS
310,Timothy Roberson,3.06,96.5,AI
311,Eric Joseph,2.51,93.0,SE
312,Ashley Hayes,3.93,71.8,DS
313,Angela Parker,3.61,78.7,CS
314,Katie Black,2.28,98.7,SE
315,Jamie Clark,3.93,92.2,DS
316,John Donovan,2.18,75.8,DS
317,William Acevedo,3.07,78.2,DS
318,Richard Martin,3.17,92.9,DS
319,Daniel Sanchez,2.22,69.4,CS
320,Katherine Clark,3.24,97.7,DS
321,Richard Stark,3.83,68.9,CS
322,William Santana,3.27,78.6,DS
323,Jacob Wilson,3.3,64.7,CS
324,Wendy Rasmussen,3.89,72.2,SE
325,Anthony Martinez,2.23,69.4,AI
326,Guy Sanders MD,2.78,74.8,SE
327,Carl Harris,3.17,89.1,SE
328,Juan Smith,3.31,93.3,SE
329,Shelby Jenkins,3.88,71.2,DS
330,Alexa Espinoza,2.43,77.8,AI
331,Kylie Scott,3.71,64.0,DS
332,Linda Farley,3.09,99.1,DS
333,Kaitlyn Zuniga,2.12,71.0,CS
334,Amanda Cabrera,3.9,93.0,CS
335,Angela Castaneda,3.33,85.7,CS
336,Dr. Stephen Long PhD,2.1,73.3,AI
337,Joanna Williams,3.57,68.2,AI
338,David Riley,3.17,92.5,AI
339,Lisa Garcia,2.66,65.9,CS
340,Christopher Jones,2.55,99.4,AI
341,Miss Sara Abbott,3.08,91.9,CS
342,Kenneth Bass,3.32,61.0,CS
343,William Rice,2.72,91.5,DS
344,Victoria Sanders MD,2.03,70.6,AI
345,April Sanchez,3.48,81.0,CS
346,Mrs. Erica Adams,2.95,91.1,CS
347,Gerald Valenzuela,2.9,68.9,CS
348,Bryan Martinez,3.45,96.4,DS
349,Robert Bradley,2.92,98.6,CS
350,Tyler Ochoa,4.0,93.9,SE
351,George Lyons,3.37,79.6,SE
352,Geoffrey Nash,2.15,63.2,AI
353,Andrew Gonzalez,2.13,71.0,DS
354,Jessica Johnson,2.76,83.9,DS
355,Ryan Boyd,2.91,84.2,CS
356,Melissa Callahan,3.59,64.6,AI
357,Judy Chang,2.86,95.5,SE
358,Sara Freeman,2.68,78.1,SE
359,Whitney Chase,3.46,72.5,DS
360,Scott Jones,3.33,75.0,AI
361,Kathleen Williams,3.37,79.0,CS
362,Jason Sullivan,3.66,63.7,CS
363,Aaron Fox,3.49,74.9,AI
364,Tamara Mendoza,3.11,83.5,DS
365,Larry Guerra,3.34,76.4,SE
366,Vincent Potts,3.74,88.8,DS
367,William Clark,3.2,74.1,AI
368,Robert Avery,2.31,79.3,CS
369,Catherine Thompson,2.7,82.3,CS
370,Matthew Wilson DVM,3.53,83.0,SE
371,Samantha Hunter,3.69,99.0,CS
372,Victoria Bailey,3.22,86.3,DS
373,Jordan Cox MD,2.06,70.9,DS
374,Mark Miles,3.84,74.0,AI
375,Amber Castillo,3.74,82.7,SE
376,Troy Cook,2.14,89.6,CS
377,Lindsay Berry,2.18,81.2,SE
378,Mallory Smith,2.84,73.6,DS
379,Ronald Hoffman,2.62,73.0,CS
380,Tammy Walls,3.77,66.2,CS
381,Victor Thompson,3.35,70.9,SE
382,Taylor Hale,2.97,77.7,DS
383,Tracey Rogers,2.43,80.5,DS
384,Luke Mathews,2.86,71.3,SE
385,John Larson,3.05,72.3,AI
386,Isaac Nichols,2.79,84.0,CS
387,Stephen Young,2.41,97.8,AI
388,Tonya Vasquez,3.53,71.6,CS
389,Pamela Stewart,2.02,89.9,AI
390,Charles Andersen,2.26,81.3,AI
391,Cindy Wade,3.0,93.3,DS
392,Michael Murray,2.14,94.5,CS
393,Heather Conner,2.87,78.4,CS
394,Daniel Proctor,3.72,83.0,SE
395,Thomas Brown,3.42,76.7,CS
396,Joseph Sanchez,2.81,98.6,AI
397,Jeremy Thompson,3.6,84.7,DS
398,Maureen Smith,2.18,93.8,AI
399,Cody Todd,2.87,76.0,CS
400,Leslie Willis,2.79,72.4,DS
401,Marcus Freeman,2.44,91.2,CS
402,Brian Howard,3.02,64.6,AI
403,Roberta Watson,3.81,74.0,AI
404,William Donaldson,2.47,65.9,AI
405,Kathleen Williams,2.35,66.1,CS
406,Courtney Harper,2.35,90.9,SE
407,Christine Oneill,2.93,82.5,SE
408,Jaime Smith,3.36,95.3,DS
409,Tamara Coleman,3.73,85.1,AI
410,Anthony Glover,2.88,78.8,DS
411,Dr. Brooke Oliver PhD,3.59,83.7,DS
412,Sean Haas,3.01,72.4,SE
413,Kevin Price,2.08,74.7,DS
414,Tamara Smith,2.15,94.6,CS
415,Felicia Garza DVM,3.23,80.3,SE
416,Tiffany Bailey,3.16,98.2,CS
417,Emily Medina,2.9,92.4,AI
418,Michelle Cummings,2.64,79.0,AI
419,Michele Gomez,3.92,78.0,DS
420,Kimberly Davidson,3.96,63.4,AI
421,David Williams,2.08,88.3,SE
422,Sean Dyer,3.05,84.4,DS
423,Nicole Cunningham,2.75,71.3,SE
424,Scott Combs,3.55,87.2,CS
425,Katelyn Green,3.58,85.9,CS
426,Bryce Harrison,2.66,82.3,SE
427,Kayla Santos,2.57,88.9,AI
428,Jose Warren,2.67,83.3,AI
429,David Griffin,3.83,72.4,SE
430,Colleen Holt,2.26,88.4,CS
431,Alexa Coleman,2.62,75.1,DS
432,Nathan Lam,3.63,86.8,CS
433,Jose Woodard,3.29,76.9,DS
434,Danielle Delgado,2.04,72.4,AI
435,Brandon Keller,2.68,90.6,AI
436,Christian Norman,2.45,65.5,CS
437,Linda Marsh,2.59,91.5,CS
438,Stacy Clarke,3.32,95.1,AI
439,Kelly Richard,3.19,66.2,AI
440,Amy Perez,3.66,90.8,AI
441,Natalie Hansen,3.44,61.7,DS
442,Christopher Harrison,3.35,69.5,SE
443,Joel Smith,3.22,90.1,SE
444,Ashley Cole DDS,2.47,69.6,SE
445,Matthew Cummings DVM,3.81,67.8,SE
446,Frank Santiago,2.92,71.3,SE
447,Shannon Crawford,3.01,76.7,AI
448,Kaitlin Scott,3.63,92.1,AI
449,John Barton,3.75,62.1,SE
450,Shane Gross III,3.75,82.2,CS
451,Maria Walker,3.42,80.6,CS
452,Julia Smith,2.57,90.5,DS
453,Maria Alvarado,2.9,80.5,SE
454,Jacqueline Reyes,2.18,96.4,SE
455,Angela Wallace,3.77,97.2,SE
456,Julie Perez,2.11,80.1,AI
457,Brandon Ortiz,2.77,63.3,AI
458,Jennifer Estes,2.06,97.2,DS
459,Alexandra Davis,3.58,65.5,DS
460,Claudia Macias,3.83,78.9,AI
461,Angel Lutz,3.52,78.8,CS
462,Miss Heather Keith,3.81,60.8,AI
463,Jessica Larsen,3.67,82.0,SE
464,Mr. David Williams,2.22,71.5,DS
465,Kimberly Brown,2.24,69.5,SE
466,Jessica Vance,2.13,93.5,SE
467,Brad Long,3.19,60.7,AI
468,Susan Avery,3.44,71.7,CS
469,Terri Velasquez,3.23,69.6,SE
470,Jesus Carr,2.37,86.7,DS
471,Jessica Williams,2.14,81.0,CS
472,Tony Gates,2.78,78.8,SE
473,Courtney Kelley,3.96,70.1,CS
474,Colleen Chavez,2.71,62.7,AI
475,Sharon Wiley,3.47,85.1,DS
476,Jacob Quinn,2.27,74.1,DS
477,David Oliver,3.63,67.0,SE
478,Casey Arnold,3.96,79.1,AI
479,Veronica Patterson,3.62,62.5,SE
480,Jennifer Browning,2.07,68.1,AI
481,Megan Price,3.77,72.6,DS
482,Christian Garcia,3.03,99.6,SE
483,Michael Long,2.51,90.1,AI
484,Angela Gallegos,2.57,94.5,CS
485,Dawn Yoder,3.73,73.3,CS
486,Marissa Gibson,3.6,77.5,SE
487,Cody Larson,3.49,95.8,SE
488,Joshua Franklin,2.68,67.5,SE
489,Rebecca Dickerson,2.73,91.9,DS
490,Christopher Hart,3.6,89.1,CS
491,James French,2.86,99.8,AI
492,Derek Leblanc,3.09,72.8,CS
493,Jennifer Cook,2.66,71.8,SE
494,Jared Carter,3.21,77.0,SE
495,Tracy Nichols,2.7,61.7,DS
496,Courtney Golden,3.23,77.4,CS
497,Bryan Walker,2.15,85.5,DS
498,Michael Howell,3.03,90.0,AI
499,Brittney Davis,3.91,65.7,SE
500,Heather Little,2.07,62.7,DS
501,Mary Acosta,2.72,98.0,CS
502,Cody Sullivan,3.21,87.2,DS
503,Jill Martinez,2.74,90.5,AI
504,Joseph Mercer,3.06,75.9,DS
505,Molly Johnson,2.5,64.5,AI
506,Jimmy Reid,3.0,75.5,CS
507,David Estes,2.52,70.4,SE
508,Michelle Howell,2.43,84.5,SE
509,Marcus Fowler,2.4,65.4,CS
510,Angela Vincent,2.9,95.9,SE
511,Julian Taylor,3.99,92.4,DS
512,Diana Cabrera,3.34,88.4,DS
513,Nathan Blanchard,3.78,94.1,AI
514,Sally Meyer,3.59,80.4,CS
515,Tyler Johnson,3.97,91.7,AI
516,Ashley Leonard,3.58,61.1,DS
517,Joshua Andrews,2.93,99.3,AI
518,Jeremy Lee,3.22,63.4,DS
519,Andrea Gonzalez,2.8,88.7,SE
520,Aaron Long,3.05,90.8,CS
521,Sara Mccarthy,2.25,72.7,CS
522,David Myers,2.9,87.2,DS
523,Cory Fisher,2.26,93.2,AI
524,Timothy Sherman,3.54,65.2,CS
525,Andrew Irwin,3.66,80.7,DS
526,James Olson,2.33,72.9,AI
527,Calvin Powell,2.69,97.6,DS
528,Victoria Novak,3.69,70.0,DS
529,Albert Johnson,2.25,72.1,CS
530,Dwayne Hunter,3.01,66.7,AI
531,Joshua Gross,2.34,85.0,DS
532,Derrick Glover,3.69,82.5,CS
533,Mary Herrera,2.16,97.9,DS
534,Elizabeth Hamilton,3.3,90.7,SE
535,Justin Mosley,3.24,61.2,DS
536,Brian French,3.28,72.1,AI
537,Paul Smith,3.61,87.4,DS
538,Robert Gibson,2.91,87.5,AI
539,Eric Garcia,2.88,79.4,AI
540,Destiny Hoover,2.68,65.7,DS
541,Lauren House,3.47,94.4,SE
542,Theresa Rice,2.26,74.8,CS
543,Lucas Smith,2.64,78.7,DS
544,Gregory Farmer,2.9,65.6,CS
545,Shelley Bell,2.58,75.4,SE
546,Kimberly Bonilla,2.5,94.6,AI
547,Jacqueline Avila,3.63,97.4,DS
548,Mary Suarez,2.38,66.4,SE
549,Charles Watkins,3.0,72.3,CS
550,Mrs. Allison Abbott,2.18,75.7,SE
551,Shelby Alvarez,3.93,68.6,DS
552,Joshua Mcclure,2.1,71.3,SE
553,Joshua Bailey,2.57,60.3,CS
554,Christopher Brown,2.86,95.3,DS
555,Shannon Rice,3.53,74.6,SE
556,Christine Chavez,2.1,82.5,DS
557,Christine Sampson,3.11,62.9,SE
558,Victoria Jackson,3.53,71.2,CS
559,Tracy Walker,2.26,63.9,DS
560,Bradley Mccarthy,3.59,73.6,DS
561,Michelle Ward,3.51,68.0,SE
562,Edwin Myers,3.0,61.8,AI
563,Mr. Charles Lester,3.43,92.2,SE
564,Tamara Barnes DVM,2.3,95.7,AI
565,Kelly Kemp,2.66,84.5,AI
566,Curtis Johnson,2.79,84.7,DS
567,Ashley Rogers,3.19,80.3,SE
568,Kimberly Tyler,3.42,72.0,CS
569,Matthew Brock,2.74,87.0,SE
570,Franklin Smith,3.17,91.9,CS
571,Nicole Wise DVM,3.19,70.6,AI
572,James Schultz,3.44,83.3,AI
573,Brianna Serrano,3.05,88.8,SE
574,Michael Cox,2.3,87.2,CS
575,Wendy Johnson,3.15,88.0,AI
576,Brenda Gonzalez,2.04,72.5,AI
577,William Bryant,2.83,68.2,SE
578,Tiffany Phillips,3.75,89.4,CS
579,Tracy Butler,3.41,80.7,DS
580,Matthew Yu,4.0,79.1,SE
581,Michael Thomas,2.63,66.9,DS
582,Keith Hale,3.09,87.0,DS
583,Natalie Butler,3.22,67.7,AI
584,Laura Lopez,2.56,71.9,DS
585,Heather Durham MD,3.54,88.2,SE
586,Mary Nguyen,2.63,74.0,DS
587,Lisa Guerra,2.58,82.9,SE
588,John Morrison,3.79,75.8,DS
589,Alan Oneal,3.91,92.2,DS
590,Katie Taylor,2.08,98.2,CS
591,Martha Stone,2.69,77.7,DS
592,Jacob Simmons,3.49,68.6,DS
593,Lisa Smith,3.87,87.8,AI
594,David Tran,2.22,89.6,AI
595,David Conrad,2.48,86.8,AI
596,Tracy Nelson,3.28,62.1,SE
597,Robin Zimmerman,2.66,78.9,AI
598,Jason Tran,2.01,82.0,AI
599,Emma Poole,2.81,97.4,SE
600,Cynthia Hernandez,2.95,68.0,DS
601,Heidi Gomez,2.64,85.8,CS
602,Laura Farley,3.3,69.3,CS
603,Catherine Miller,3.83,67.0,AI
604,Stephanie Kelly,3.87,61.5,SE
605,Rachel Moore,3.58,67.5,DS
606,Julie Diaz,3.75,60.4,CS
607,Ricky Johnson,3.86,73.4,SE
608,Eric Allen,3.98,81.7,SE
609,Adam Brown,3.78,65.4,SE
610,Lauren Hernandez,2.55,92.4,DS
611,Morgan Green,2.32,78.4,DS
612,Carly Lucas,3.44,60.6,DS
613,Jason Romero,3.58,82.7,AI
614,Melissa Martinez,2.35,94.2,SE
615,Barbara Ellis,3.65,80.6,CS
616,Justin Snyder,2.8,63.8,AI
617,Matthew Hickman,2.95,97.4,CS
618,Jared Munoz,2.52,69.4,DS
619,Marc Edwards,3.91,72.1,CS
620,James Neal,2.52,74.4,AI
621,Allison Hernandez,2.12,64.7,DS
622,Manuel Hogan,2.32,87.4,DS
623,William Clark,3.38,85.5,DS
624,Matthew Terry,2.74,68.8,AI
625,Jennifer Mora,2.96,78.2,DS
626,Amanda West,2.83,82.0,SE
627,Samantha Moreno,3.51,92.1,AI
628,Miguel Cunningham,3.52,87.2,CS
629,Ronald Walker,3.05,81.1,DS
630,Catherine Johnson,2.16,82.6,CS
631,Danielle Jackson,3.66,96.1,AI
632,Ellen Alvarez,3.15,66.0,DS
633,Lindsey Salazar,3.71,77.7,AI
634,Gwendolyn Simpson,3.43,79.6,SE
635,Justin Moss,3.62,78.1,SE
636,James Garcia,2.91,62.3,SE
637,Julia Ibarra,3.35,72.3,CS
638,Valerie Long,2.79,92.7,AI
639,Jeffery Jackson,3.16,61.8,DS
640,George Jenkins,3.4,81.6,CS
641,John Tyler,3.87,62.8,SE
642,Samantha Bowman,2.06,76.4,AI
643,Heather Contreras,3.53,99.1,SE
644,Laura Logan,2.75,95.7,SE
645,David Sanchez,3.74,96.3,SE
646,David Lee,2.16,98.6,AI
647,Darren Humphrey,3.31,73.9,AI
648,Heidi Brown,3.99,75.7,AI
649,Lee Smith,3.46,68.9,CS
650,Sabrina Horn,3.51,99.1,SE
651,Kimberly Oneill,3.35,81.8,SE
652,Robert Harris,3.65,69.9,DS
653,Christopher Hendrix,2.31,67.5,CS
654,Robert Joseph,2.06,86.4,CS
655,Kevin Romero,2.48,62.7,CS
656,Rose White,2.89,86.9,CS
657,Christina Pope,2.49,61.8,SE
658,Alison Sutton,2.47,68.7,CS
659,Joseph Weiss,2.28,99.7,AI
660,Cheryl Snyder,3.63,89.3,DS
661,Jeremy Potter,3.15,90.9,DS
662,Tracey Elliott,2.47,95.1,AI
663,Sharon Villarreal,2.83,71.0,AI
664,Jonathan Chapman,3.25,77.1,SE
665,Dr. Jodi King,2.09,73.8,SE
666,Rebecca Craig,3.57,72.7,SE
667,Brenda Howard,2.82,72.0,AI
668,Jason Nguyen,3.51,78.9,AI
669,Rebecca Lee,2.6,88.3,SE
670,Kevin Hogan,3.83,82.5,SE
671,John Flores,3.11,65.4,AI
672,Carla Cunningham,2.51,73.2,CS
673,Jennifer Green,3.84,93.9,CS
674,Devin Smith,3.07,93.2,CS
675,Ryan Walker,2.54,86.9,CS
676,Edward Davis,3.75,67.5,AI
677,Damon Hawkins DDS,2.96,94.8,DS
678,Catherine Jackson,2.61,96.4,AI
679,Jonathan Gibbs,3.87,98.5,CS
680,Jennifer George,3.49,90.2,AI
681,Daniel Allen,3.39,88.2,SE
682,Crystal Mckinney,3.83,82.1,DS
683,Douglas Cook,2.76,81.3,DS
684,Christopher Ramirez,2.62,74.4,SE
685,Jeremy Proctor,2.93,92.1,SE
686,Bradley Dominguez,3.52,72.8,AI
687,Sarah Holt,2.74,76.6,AI
688,Ryan Rodriguez,3.48,60.6,SE
689,Adam Marquez,2.59,67.8,AI
690,Julie Marquez,2.76,93.3,SE
691,Claire Garcia,3.1,97.7,DS
692,Aaron Evans,2.51,92.9,SE
693,Melanie Stevens,2.92,89.3,DS
694,Christopher Alvarado,2.34,88.8,SE
695,Chris Reynolds,2.37,95.6,CS
696,Jimmy Wilson,3.05,93.6,CS
697,Amanda Gonzalez,3.89,86.7,CS
698,Ashley Bonilla,2.82,93.7,AI
699,Jennifer Wilson,2.14,66.0,AI
700,Terri Lynch,3.01,74.9,SE
701,Victoria Frederick,3.32,60.6,SE
702,Wesley Flynn,2.02,81.2,DS
703,Andrea Barnett,3.07,71.5,SE
704,Laura Myers,3.61,96.4,CS
705,Tracy Mitchell,3.84,81.0,AI
706,Brittany Young,2.38,81.1,DS
707,Cory Sanders,2.53,75.9,DS
708,Jeffery Ferrell,3.92,78.4,AI
709,Christina Zamora,3.98,69.0,CS
710,Debra Smith,3.31,94.3,CS
711,Pamela Jones,2.19,75.2,SE
712,Nathan Collins,2.11,60.4,AI
713,Richard Harris,2.17,93.8,DS
714,Mckenzie Owen,3.13,94.3,CS
715,Tiffany Fisher,3.79,96.8,AI
716,Destiny Odonnell,2.42,94.7,SE
717,Stephen Ross,2.54,97.0,DS
718,Erika Hendrix,3.8,82.5,CS
719,Rachael Jackson,2.36,94.0,CS
720,Tracy Gill,3.92,83.5,SE
721,Eric Berg,3.86,72.0,AI
722,Adrian Copeland,3.13,94.0,DS
723,Stacy Gaines,2.77,89.6,CS
724,Carla Todd,3.0,99.0,CS
725,Ashley Webb,2.2,69.3,CS
726,Sarah Smith,2.68,90.8,SE
727,Krystal Cooper,3.94,73.1,DS
728,Reginald Baker,3.57,78.0,AI
729,William Miller,2.71,97.6,SE
730,Nicole David,2.37,83.4,SE
731,Bryan Curtis,2.17,84.7,AI
732,Kimberly Myers,3.43,63.3,AI
733,Ryan Jimenez,2.76,91.4,AI
734,Matthew Owens,3.48,72.7,CS
735,Laura Burnett,2.18,97.7,SE
736,Megan Jensen,2.72,70.8,AI
737,David Jackson,2.17,77.2,SE
738,John Cohen,2.21,63.6,CS
739,Eric Reed,3.19,91.4,SE
740,Nancy Valdez,2.02,76.6,CS
741,Lindsey Mills,3.45,82.4,AI
742,John Mason,3.14,66.8,SE
743,Alice Sanchez,2.34,70.8,DS
744,Seth Ramos,2.99,62.5,SE
745,Mrs. Alexis Benson,2.55,72.0,CS
746,Veronica Bryan,2.72,97.8,SE
747,Jennifer Manning,3.19,67.8,CS
748,Robert Peters,2.27,60.3,SE
749,Tracy Garner,2.66,84.8,DS
750,Connor Edwards,2.88,77.2,AI
751,Mackenzie Davis,2.6,84.1,AI
752,Wayne Winters,2.96,67.1,SE
753,Sean Lambert,3.94,71.7,SE
754,Chad Hoffman,3.94,91.3,DS
755,Lori Gregory,2.75,92.7,SE
756,Robert Perry,2.73,97.3,AI
757,Richard Thomas,3.18,81.8,CS
758,Gary Bates,3.91,78.5,AI
759,Karen Soto,2.88,71.7,CS
760,Mary Smith,3.64,91.8,SE
761,Robert Rodriguez,3.35,65.6,DS
762,Jennifer Cruz,2.48,86.3,SE
763,Elizabeth Martinez,3.58,63.0,SE
764,Jessica Wall,3.16,81.4,SE
765,Jonathan Petersen,3.09,91.6,DS
766,Doris Hanson,3.4,92.5,CS
767,Dawn Wells,2.22,69.9,DS
768,Melinda Harrison,2.33,84.5,SE
769,Kelsey Gonzalez,3.93,73.3,SE
770,Luis Craig,2.21,63.9,AI
771,Maria Gonzalez,3.02,80.8,AI
772,Colleen Nelson,2.89,75.6,AI
773,Jeffery Barron,2.69,61.0,CS
774,Jennifer Horton,2.59,96.8,CS
775,Ms. Kimberly Kelley,2.23,97.6,AI
776,Logan Lambert,2.7,73.7,AI
777,Tyler Gates,3.04,73.9,CS
778,Katelyn Brown,2.88,87.9,DS
779,James Bass,2.13,61.8,CS
780,Brent Cole,2.05,73.7,CS
781,Megan Snow,3.35,66.6,AI
782,Deborah Cruz,3.03,82.1,DS
783,Melinda Burnett,3.12,98.3,AI
784,Mark Bauer,3.6,85.2,AI
785,Elizabeth Butler,3.28,77.3,CS
786,Beth Sandoval,3.47,95.3,SE
787,Brenda Burke,3.18,75.6,AI
788,Craig Moore,2.41,90.1,CS
789,Kristina Miller,3.15,92.0,AI
790,Nicholas Gonzales,2.73,67.9,CS
791,Sarah Mcgee,2.52,94.5,DS
792,Andrea Williams,3.19,84.5,CS
793,Jeremy Martin,2.7,93.8,AI
794,Brady Ramirez,3.63,88.2,DS
795,Maria Rodriguez,3.84,83.6,AI
796,Kim Wise,2.63,69.5,CS
797,Parker Petersen,2.37,87.7,SE
798,Lindsey Valenzuela,2.84,65.5,SE
799,Lauren Hicks,2.85,79.5,AI
800,Michelle Cortez,3.11,79.6,AI
801,Timothy Pena,2.37,93.7,CS
802,Amy Peters,3.73,98.1,SE
803,Bonnie Moses,2.27,92.6,SE
804,Victoria Montgomery,2.82,79.7,SE
805,Amber Morales,2.98,63.3,CS
806,Jason Walker,3.59,68.8,CS
807,Wayne Casey,2.55,81.5,AI
808,Jill Reed,3.56,82.6,SE
809,Rebecca Hays,3.1,64.5,CS
810,Samantha Grimes,2.54,81.7,DS
811,David Cross,3.08,90.3,SE
812,Philip Scott,3.09,99.6,CS
813,Stephen Martin,3.47,86.1,AI
814,Todd Williams,2.6,100.0,SE
815,Barbara Wilson,2.53,94.5,CS
816,Derek Clark,2.88,99.8,AI
817,Evelyn Miller,2.42,89.5,DS
818,Karen Patterson,3.72,84.4,SE
819,Victoria Miller,2.33,65.6,AI
820,Katherine Nelson,3.63,92.2,DS
821,Michael Mccoy,3.06,83.9,AI
822,Felicia Mack,2.65,88.2,DS
823,David Rubio,3.15,98.1,CS
824,Kristen Frazier,2.27,90.0,SE
825,Mrs. Kaitlyn Smith,3.84,99.7,AI
826,Brittany Massey,3.4,65.3,AI
827,Philip Hardy,3.42,93.1,SE
828,Edward Holden,2.98,83.1,DS
829,Nicole Conner,3.26,75.0,CS
830,Deanna Horton,3.27,95.2,CS
831,Michelle Byrd,2.81,90.0,DS
832,Heather Jones,2.91,79.5,CS
833,Ashley Williams,3.74,93.9,CS
834,Jacob Patton,3.46,78.3,DS
835,Susan Miller,3.7,91.8,SE
836,Barbara Ortega,2.44,77.2,AI
837,Bruce Morgan,2.99,72.9,DS
838,Jennifer Ramos,2.68,83.1,SE
839,Eddie Fisher,3.58,95.8,CS
840,Shawn Lyons,2.09,85.0,SE
841,Ariel Fitzpatrick,2.03,97.2,AI
842,Chelsea Miller,2.88,60.0,SE
843,Heather Mendoza,2.4,87.5,AI
844,Benjamin Jennings,3.76,72.1,DS
845,Ryan Mitchell,2.19,74.4,CS
846,Michelle Reese,2.74,96.2,AI
847,Jennifer Bowers,2.1,85.0,AI
848,Patricia Reid,2.86,63.6,CS
849,Alexander Powers,2.0,79.1,AI
850,Elizabeth Le,3.19,80.8,SE
851,Gary Bauer,2.02,87.8,CS
852,James White,3.98,76.9,AI
853,Kevin Werner,2.96,69.2,CS
854,Christine Lindsey,3.46,64.1,DS
855,Brian Fischer,2.74,72.0,SE
856,Melissa Booker,3.55,90.1,AI
857,Jessica Gibbs,3.28,87.1,CS
858,Brandi Fletcher,3.06,60.3,AI
859,Sean Salazar,2.88,88.9,AI
860,Jodi White,3.84,84.6,SE
861,David Robbins,3.72,63.5,CS
862,Logan Stokes,2.28,64.9,SE
863,Frank Williams,2.7,77.2,AI
864,Seth Garcia,2.5,85.8,AI
865,Brian Francis,3.11,84.0,DS
866,Andrew Steele,3.56,87.6,DS
867,Justin Williams,2.41,84.3,AI
868,Adrienne Brown,3.5,71.8,CS
869,William Lawrence,3.57,91.8,AI
870,Derrick Jenkins,2.99,64.5,SE
871,Dylan Harris,3.28,62.8,CS
872,Michael Glass,3.97,97.4,AI
873,Caroline Moon,2.77,93.6,SE
874,Lacey Rodriguez,2.73,87.3,SE
875,Angel Brown,3.91,90.8,CS
876,Tyler Jones,3.17,60.6,AI
877,Kim Wood,2.08,62.4,SE
878,Justin Gonzalez,3.01,85.1,SE
879,Micheal Strickland,2.85,76.1,AI
880,Tammy Williams,2.55,72.4,AI
881,Lauren Bailey,3.95,66.2,DS
882,Ashley Sharp,2.78,85.4,CS
883,Brian Cooper,2.62,77.5,AI
884,Michele Chavez,2.12,63.4,SE
885,Paula Dunn,2.23,84.5,CS
886,Kelly Munoz,2.62,89.7,AI
887,Erica Price,2.24,88.3,CS
888,Joseph Johns,2.33,98.1,DS
889,Richard Parrish,2.33,65.1,DS
890,Timothy Wright,3.47,64.7,CS
891,Katrina Parker,2.67,77.2,CS
892,Mary Johnson,2.53,99.0,CS
893,Betty Barnett,2.99,80.4,CS
894,Heather Patterson,3.0,82.7,DS
895,Emily Sullivan,2.31,90.9,CS
896,John Park,2.46,80.4,CS
897,Michael Henry,3.72,60.5,CS
898,Michael Molina,2.94,75.3,AI
899,Rebekah Harris,2.36,98.4,CS
900,Christopher Moore,3.11,96.6,SE
901,Samuel Hodges,2.45,69.9,DS
902,Nancy Wise,2.54,63.1,DS
903,Justin Anderson,2.24,86.9,CS
904,Cynthia Webb MD,2.36,92.2,CS
905,Traci Thompson,3.91,62.8,SE
906,Spencer Humphrey,3.73,90.9,DS
907,Andrew Camacho,2.65,82.1,CS
908,Jeremy Macias,2.74,71.7,DS
909,Christian Reed,3.48,69.7,DS
910,Eric Edwards,3.18,79.7,AI
911,Miranda Archer,3.46,81.9,AI
912,Richard Butler,2.3,97.3,CS
913,Ann Schultz,2.47,73.9,CS
914,Cheryl Smith,3.9,60.1,SE
915,Robert Walsh,3.7,89.1,CS
916,Brooke Roberts,2.41,99.3,SE
917,William Berry,2.98,62.4,AI
918,James Barnes,3.42,63.7,AI
919,Tyler Meadows,3.79,80.8,DS
920,Patricia Wells,2.92,89.9,CS
921,Tammy Wheeler,3.01,85.5,SE
922,Rebecca Vaughn,2.15,82.7,SE
923,Jacqueline Johnson,3.32,65.2,DS
924,Miss Meghan Buchanan,2.52,72.6,SE
925,Richard Jones,3.4,89.4,DS
926,Jennifer Reed,2.91,69.3,AI
927,Gary Armstrong,2.27,90.8,CS
928,William Brown,2.31,66.6,SE
929,Meagan Murphy,2.63,64.8,DS
930,Haley Richards,3.93,68.3,DS
931,Olivia Baker,2.93,94.1,CS
932,Gary Bauer,2.32,87.4,CS
933,Jennifer Jones,2.43,94.3,AI
934,Erika Stanley,2.18,69.9,DS
935,Michele Warner,2.79,62.0,DS
936,Ray Williams,2.52,99.6,CS
937,Samantha Adkins,3.9,94.2,AI
938,Christopher Anderson,2.19,64.1,AI
939,Javier Ellis,2.24,62.5,AI
940,Teresa Taylor,2.26,92.9,DS
941,Ricky Black,3.37,97.5,CS
942,Jessica Ramos,3.16,70.4,CS
943,Danielle Hall,2.04,62.6,SE
944,Ebony Hatfield,3.62,63.7,DS
945,Sylvia Barker DDS,2.25,97.7,CS
946,Steven Watkins,2.34,83.0,SE
947,Stephen Martin,2.99,75.3,SE
948,Brian Harper,2.35,68.6,AI
949,Danielle Atkins,2.55,77.8,AI
950,Michael Parks,2.07,84.8,AI
951,Kenneth Pittman,3.29,80.0,SE
952,Laura Gonzalez,2.12,71.2,AI
953,Kristen Shepard,2.84,85.7,AI
954,Catherine Williams,3.26,92.1,CS
955,Wayne Gardner,3.98,91.3,DS
956,Jacob Haynes,2.96,91.3,DS
957,Joshua Walker,3.83,80.1,SE
958,Timothy Brown,2.54,61.0,AI
959,Kyle Roth,2.06,92.4,DS
960,David Walton,2.12,99.7,DS
961,Jessica Roberts,3.53,100.0,AI
962,Robert Hart,2.2,86.3,DS
963,Garrett Wall Jr.,3.07,91.6,CS
964,Brittany Smith,3.53,97.9,SE
965,Scott Bruce,2.71,93.6,AI
966,Dr. Ashley Cox,2.35,83.7,DS
967,Austin Wolf,3.83,61.1,DS
968,Jaime Johnson,3.9,82.5,AI
969,Joanna Campbell,3.67,92.4,SE
970,Clinton Blake,3.08,67.0,CS
971,Theresa Hall,2.18,69.3,AI
972,Rebecca Russell,2.04,79.1,DS
973,Jacqueline Jones,3.84,68.1,AI
974,Connie Robertson,2.68,67.1,DS
975,Marcus Patel,2.12,65.9,AI
976,James Cunningham,3.55,93.9,DS
977,Amanda Crawford,3.92,74.9,SE
978,Timothy Foster,3.17,73.5,DS
979,Melissa Henry,2.27,66.3,SE
980,Shannon Blanchard,3.58,98.4,DS
981,Cindy Hale,2.35,98.7,DS
982,Carol Lowe,2.45,83.6,AI
983,James Cunningham,2.76,89.4,DS
984,Karen Walsh,2.25,89.2,SE
985,Allison Riley,3.7,90.8,CS
986,David Case,2.36,72.7,AI
987,Jared Hall,3.28,64.2,SE
988,Billy Parker,2.28,89.8,AI
989,Mitchell Anderson,2.69,72.8,CS
990,Brett Santos,3.64,86.8,DS
991,Ian Johnson,2.89,70.6,AI
992,Bradley Simmons,3.39,74.0,CS
993,Martin Garrett Jr.,3.44,61.9,SE
994,Anthony Thompson,3.47,98.8,SE
995,Frank Wise,2.99,75.1,SE
996,Gwendolyn Martin,2.2,79.2,AI
997,Monique Ruiz,2.33,62.9,CS
998,George Fitzgerald,2.59,72.7,CS
999,Emily Morris,2.15,66.8,SE
1000,Dr. Wayne Hall,2.32,63.0,CS
